INSERT INTO unidad_medida (umed_id,umed_nombre) VALUES (1,"Unidad"),(2,"Paquete a granel"),(3,"Millar"),(4,"Caja"),(5,"Kilo"),(6,"Pieza"),(7,"Onza"),(8,"Lote"),(9,"Paquete"),(10,"Ciento");
INSERT INTO categoria (cat_id,cat_tipo) VALUES (1,"Gaseosas"),(2,"Bebidas"),(3,"Empaquetados"),(4,"Jugos"),(5,"No Empaquetados"),(6,"Galletas"),(7,"Chocolates"),(8,"Comestibles"),(9,"Gaseosas"),(10,"Variados");
INSERT INTO modo_pago (mod_id,mod_nombre) VALUES (1,"Transferencia"),(2,"Efectivo"),(3,"Contrareembolso"),(4,"En Linea"),(5,"Credito"),(6,"Cheque");

insert into producto (pro_id, pro_nombre, pro_precio, pro_stock, cat_id, umed_id) values (1, 'Sultanas', 43.39, 12, 4, 6);
insert into producto (pro_id, pro_nombre, pro_precio, pro_stock, cat_id, umed_id) values (2, 'Rice - Wild', 148.33, 370, 8, 6);
insert into producto (pro_id, pro_nombre, pro_precio, pro_stock, cat_id, umed_id) values (3, 'Wine - Harrow Estates, Vidal', 124.18, 125, 4, 8);
insert into producto (pro_id, pro_nombre, pro_precio, pro_stock, cat_id, umed_id) values (4, 'Nori Sea Weed - Gold Label', 3.22, 292, 3, 6);
insert into producto (pro_id, pro_nombre, pro_precio, pro_stock, cat_id, umed_id) values (5, 'Coffee - Espresso', 42.35, 708, 1, 1);
insert into producto (pro_id, pro_nombre, pro_precio, pro_stock, cat_id, umed_id) values (6, 'Wooden Mop Handle', 225.37, 712, 4, 6);
insert into producto (pro_id, pro_nombre, pro_precio, pro_stock, cat_id, umed_id) values (7, 'Beef - Top Butt', 64.04, 805, 10, 1);
insert into producto (pro_id, pro_nombre, pro_precio, pro_stock, cat_id, umed_id) values (8, 'Cheese Cloth No 60', 24.71, 172, 3, 1);
insert into producto (pro_id, pro_nombre, pro_precio, pro_stock, cat_id, umed_id) values (9, 'Puree - Pear', 255.3, 810, 1, 9);
insert into producto (pro_id, pro_nombre, pro_precio, pro_stock, cat_id, umed_id) values (10, 'Appetizer - Chicken Satay', 76.13, 815, 8, 4);
insert into producto (pro_id, pro_nombre, pro_precio, pro_stock, cat_id, umed_id) values (11, 'Cornish Hen', 121.86, 466, 8, 10);
insert into producto (pro_id, pro_nombre, pro_precio, pro_stock, cat_id, umed_id) values (12, 'White Baguette', 97.11, 733, 9, 7);
insert into producto (pro_id, pro_nombre, pro_precio, pro_stock, cat_id, umed_id) values (13, 'Soup - Campbellschix Stew', 126.42, 324, 8, 4);
insert into producto (pro_id, pro_nombre, pro_precio, pro_stock, cat_id, umed_id) values (14, 'Plate - Foam, Bread And Butter', 44.1, 73, 2, 8);
insert into producto (pro_id, pro_nombre, pro_precio, pro_stock, cat_id, umed_id) values (15, 'Rice - Wild', 142.18, 617, 6, 7);
insert into producto (pro_id, pro_nombre, pro_precio, pro_stock, cat_id, umed_id) values (16, 'Liqueur Banana, Ramazzotti', 251.39, 425, 1, 6);
insert into producto (pro_id, pro_nombre, pro_precio, pro_stock, cat_id, umed_id) values (17, 'Onions - Cippolini', 269.11, 585, 1, 2);
insert into producto (pro_id, pro_nombre, pro_precio, pro_stock, cat_id, umed_id) values (18, 'Island Oasis - Cappucino Mix', 96.78, 668, 5, 10);
insert into producto (pro_id, pro_nombre, pro_precio, pro_stock, cat_id, umed_id) values (19, 'Squid Ink', 115.78, 348, 4, 3);
insert into producto (pro_id, pro_nombre, pro_precio, pro_stock, cat_id, umed_id) values (20, 'Chocolate - Mi - Amere Semi', 106.43, 769, 10, 7);
insert into producto (pro_id, pro_nombre, pro_precio, pro_stock, cat_id, umed_id) values (21, 'Pumpkin - Seed', 221.66, 743, 5, 1);
insert into producto (pro_id, pro_nombre, pro_precio, pro_stock, cat_id, umed_id) values (22, 'Foam Espresso Cup Plain White', 50.24, 661, 9, 2);
insert into producto (pro_id, pro_nombre, pro_precio, pro_stock, cat_id, umed_id) values (23, 'Lamb Rack Frenched Australian', 2.18, 193, 2, 2);
insert into producto (pro_id, pro_nombre, pro_precio, pro_stock, cat_id, umed_id) values (24, 'Pasta - Fett Alfredo, Single Serve', 125.27, 588, 3, 6);
insert into producto (pro_id, pro_nombre, pro_precio, pro_stock, cat_id, umed_id) values (25, 'Soup - Campbells', 45.35, 154, 8, 5);
insert into producto (pro_id, pro_nombre, pro_precio, pro_stock, cat_id, umed_id) values (26, 'Chicken - Whole Roasting', 140.71, 533, 9, 4);
insert into producto (pro_id, pro_nombre, pro_precio, pro_stock, cat_id, umed_id) values (27, 'Beans - Fava Fresh', 24.47, 419, 8, 2);
insert into producto (pro_id, pro_nombre, pro_precio, pro_stock, cat_id, umed_id) values (28, 'Cleaner - Bleach', 86.42, 196, 2, 1);
insert into producto (pro_id, pro_nombre, pro_precio, pro_stock, cat_id, umed_id) values (29, 'Beef - Eye Of Round', 95.7, 582, 7, 2);
insert into producto (pro_id, pro_nombre, pro_precio, pro_stock, cat_id, umed_id) values (30, 'Ecolab - Hobart Washarm End Cap', 117.87, 81, 4, 1);
insert into producto (pro_id, pro_nombre, pro_precio, pro_stock, cat_id, umed_id) values (31, 'Bread - Pita', 289.75, 466, 1, 8);
insert into producto (pro_id, pro_nombre, pro_precio, pro_stock, cat_id, umed_id) values (32, 'Cabbage Roll', 112.87, 751, 7, 4);
insert into producto (pro_id, pro_nombre, pro_precio, pro_stock, cat_id, umed_id) values (33, 'Olives - Morracan Dired', 88.84, 759, 6, 9);
insert into producto (pro_id, pro_nombre, pro_precio, pro_stock, cat_id, umed_id) values (34, 'Leeks - Baby, White', 187.35, 67, 5, 3);
insert into producto (pro_id, pro_nombre, pro_precio, pro_stock, cat_id, umed_id) values (35, 'Nut - Walnut, Pieces', 298.59, 552, 8, 7);
insert into producto (pro_id, pro_nombre, pro_precio, pro_stock, cat_id, umed_id) values (36, 'Curry Paste - Green Masala', 245.24, 333, 10, 10);
insert into producto (pro_id, pro_nombre, pro_precio, pro_stock, cat_id, umed_id) values (37, 'Cognac - Courvaisier', 137.8, 437, 5, 3);
insert into producto (pro_id, pro_nombre, pro_precio, pro_stock, cat_id, umed_id) values (38, 'Duck - Fat', 121.76, 406, 7, 5);
insert into producto (pro_id, pro_nombre, pro_precio, pro_stock, cat_id, umed_id) values (39, 'Caviar - Salmon', 204.39, 144, 6, 8);
insert into producto (pro_id, pro_nombre, pro_precio, pro_stock, cat_id, umed_id) values (40, 'Nougat - Paste / Cream', 235.69, 346, 4, 8);
insert into producto (pro_id, pro_nombre, pro_precio, pro_stock, cat_id, umed_id) values (41, 'Juice - Clamato, 341 Ml', 20.57, 881, 1, 10);
insert into producto (pro_id, pro_nombre, pro_precio, pro_stock, cat_id, umed_id) values (42, 'Edible Flower - Mixed', 200.81, 253, 1, 6);
insert into producto (pro_id, pro_nombre, pro_precio, pro_stock, cat_id, umed_id) values (43, 'Lamb - Whole Head Off', 70.5, 657, 6, 6);
insert into producto (pro_id, pro_nombre, pro_precio, pro_stock, cat_id, umed_id) values (44, 'Nut - Pecan, Halves', 3.19, 683, 4, 4);
insert into producto (pro_id, pro_nombre, pro_precio, pro_stock, cat_id, umed_id) values (45, 'Truffle Cups - White Paper', 29.4, 655, 4, 8);
insert into producto (pro_id, pro_nombre, pro_precio, pro_stock, cat_id, umed_id) values (46, 'Lamb - Rack', 216.05, 819, 6, 9);
insert into producto (pro_id, pro_nombre, pro_precio, pro_stock, cat_id, umed_id) values (47, 'Yogurt - Plain', 288.24, 396, 6, 8);
insert into producto (pro_id, pro_nombre, pro_precio, pro_stock, cat_id, umed_id) values (48, 'Scallops - Live In Shell', 137.62, 498, 4, 6);
insert into producto (pro_id, pro_nombre, pro_precio, pro_stock, cat_id, umed_id) values (49, 'Bread Sour Rolls', 46.52, 875, 10, 8);
insert into producto (pro_id, pro_nombre, pro_precio, pro_stock, cat_id, umed_id) values (50, 'Bread - Burger', 83.41, 120, 2, 10);
insert into producto (pro_id, pro_nombre, pro_precio, pro_stock, cat_id, umed_id) values (51, 'Pork - Back, Long Cut, Boneless', 108.13, 535, 6, 6);
insert into producto (pro_id, pro_nombre, pro_precio, pro_stock, cat_id, umed_id) values (52, 'Tilapia - Fillets', 276.91, 291, 10, 5);
insert into producto (pro_id, pro_nombre, pro_precio, pro_stock, cat_id, umed_id) values (53, 'Lemonade - Natural, 591 Ml', 152.81, 452, 10, 1);
insert into producto (pro_id, pro_nombre, pro_precio, pro_stock, cat_id, umed_id) values (54, 'Cheese - Blue', 8.98, 720, 2, 6);
insert into producto (pro_id, pro_nombre, pro_precio, pro_stock, cat_id, umed_id) values (55, 'Contreau', 189.99, 162, 3, 9);
insert into producto (pro_id, pro_nombre, pro_precio, pro_stock, cat_id, umed_id) values (56, 'Stock - Veal, White', 226.31, 686, 10, 1);
insert into producto (pro_id, pro_nombre, pro_precio, pro_stock, cat_id, umed_id) values (57, 'Island Oasis - Ice Cream Mix', 261.71, 861, 6, 2);
insert into producto (pro_id, pro_nombre, pro_precio, pro_stock, cat_id, umed_id) values (58, 'Bread - Olive Dinner Roll', 278.99, 310, 10, 9);
insert into producto (pro_id, pro_nombre, pro_precio, pro_stock, cat_id, umed_id) values (59, 'Fiddlehead - Frozen', 246.03, 870, 7, 5);
insert into producto (pro_id, pro_nombre, pro_precio, pro_stock, cat_id, umed_id) values (60, 'Foil Cont Round', 280.11, 543, 5, 2);
insert into producto (pro_id, pro_nombre, pro_precio, pro_stock, cat_id, umed_id) values (61, 'Mudslide', 11.41, 981, 10, 1);
insert into producto (pro_id, pro_nombre, pro_precio, pro_stock, cat_id, umed_id) values (62, 'Chocolate - Unsweetened', 130.16, 137, 4, 2);
insert into producto (pro_id, pro_nombre, pro_precio, pro_stock, cat_id, umed_id) values (63, 'Soup Campbells Beef With Veg', 105.96, 605, 3, 7);
insert into producto (pro_id, pro_nombre, pro_precio, pro_stock, cat_id, umed_id) values (64, 'Pork - Inside', 167.33, 779, 1, 9);
insert into producto (pro_id, pro_nombre, pro_precio, pro_stock, cat_id, umed_id) values (65, 'Soup V8 Roasted Red Pepper', 109.66, 524, 6, 5);
insert into producto (pro_id, pro_nombre, pro_precio, pro_stock, cat_id, umed_id) values (66, 'Bread - White, Unsliced', 113.88, 331, 8, 6);
insert into producto (pro_id, pro_nombre, pro_precio, pro_stock, cat_id, umed_id) values (67, 'Marjoram - Fresh', 280.59, 716, 7, 9);
insert into producto (pro_id, pro_nombre, pro_precio, pro_stock, cat_id, umed_id) values (68, 'Eggplant Oriental', 150.76, 922, 6, 6);
insert into producto (pro_id, pro_nombre, pro_precio, pro_stock, cat_id, umed_id) values (69, 'Pomello', 69.08, 902, 8, 2);
insert into producto (pro_id, pro_nombre, pro_precio, pro_stock, cat_id, umed_id) values (70, 'Lettuce - California Mix', 218.2, 389, 3, 10);
insert into producto (pro_id, pro_nombre, pro_precio, pro_stock, cat_id, umed_id) values (71, 'Heavy Duty Dust Pan', 272.45, 618, 4, 1);
insert into producto (pro_id, pro_nombre, pro_precio, pro_stock, cat_id, umed_id) values (72, 'Beef - Diced', 242.51, 616, 8, 8);
insert into producto (pro_id, pro_nombre, pro_precio, pro_stock, cat_id, umed_id) values (73, 'Bols Melon Liqueur', 35.28, 336, 10, 9);
insert into producto (pro_id, pro_nombre, pro_precio, pro_stock, cat_id, umed_id) values (74, 'Ice Cream - Super Sandwich', 64.77, 526, 8, 9);
insert into producto (pro_id, pro_nombre, pro_precio, pro_stock, cat_id, umed_id) values (75, 'Cranberries - Frozen', 81.28, 439, 5, 10);
insert into producto (pro_id, pro_nombre, pro_precio, pro_stock, cat_id, umed_id) values (76, 'Bread - Multigrain', 263.77, 972, 5, 9);
insert into producto (pro_id, pro_nombre, pro_precio, pro_stock, cat_id, umed_id) values (77, 'Croissants Thaw And Serve', 140.77, 29, 3, 5);
insert into producto (pro_id, pro_nombre, pro_precio, pro_stock, cat_id, umed_id) values (78, 'Wine - Prem Select Charddonany', 260.82, 565, 4, 2);
insert into producto (pro_id, pro_nombre, pro_precio, pro_stock, cat_id, umed_id) values (79, 'Island Oasis - Strawberry', 209.85, 141, 7, 7);
insert into producto (pro_id, pro_nombre, pro_precio, pro_stock, cat_id, umed_id) values (80, 'Veal - Brisket, Provimi,bnls', 74.43, 451, 3, 2);
insert into producto (pro_id, pro_nombre, pro_precio, pro_stock, cat_id, umed_id) values (81, 'Nut - Almond, Blanched, Sliced', 126.59, 87, 9, 2);
insert into producto (pro_id, pro_nombre, pro_precio, pro_stock, cat_id, umed_id) values (82, 'Pumpkin - Seed', 187.87, 277, 3, 4);
insert into producto (pro_id, pro_nombre, pro_precio, pro_stock, cat_id, umed_id) values (83, 'Milk 2% 500 Ml', 67.15, 656, 5, 4);
insert into producto (pro_id, pro_nombre, pro_precio, pro_stock, cat_id, umed_id) values (84, 'Chicken - Breast, 5 - 7 Oz', 197.5, 407, 1, 1);
insert into producto (pro_id, pro_nombre, pro_precio, pro_stock, cat_id, umed_id) values (85, 'Sugar - Fine', 224.26, 473, 7, 1);
insert into producto (pro_id, pro_nombre, pro_precio, pro_stock, cat_id, umed_id) values (86, 'Extract - Lemon', 96.84, 644, 9, 10);
insert into producto (pro_id, pro_nombre, pro_precio, pro_stock, cat_id, umed_id) values (87, 'Extract - Almond', 203.05, 998, 9, 1);
insert into producto (pro_id, pro_nombre, pro_precio, pro_stock, cat_id, umed_id) values (88, 'Soup - Campbells Bean Medley', 155.89, 689, 10, 1);
insert into producto (pro_id, pro_nombre, pro_precio, pro_stock, cat_id, umed_id) values (89, 'Tumeric', 205.48, 71, 8, 9);
insert into producto (pro_id, pro_nombre, pro_precio, pro_stock, cat_id, umed_id) values (90, 'Lobster - Live', 183.25, 330, 4, 5);
insert into producto (pro_id, pro_nombre, pro_precio, pro_stock, cat_id, umed_id) values (91, 'Thyme - Lemon, Fresh', 276.16, 857, 5, 7);
insert into producto (pro_id, pro_nombre, pro_precio, pro_stock, cat_id, umed_id) values (92, 'Venison - Striploin', 269.44, 865, 2, 5);
insert into producto (pro_id, pro_nombre, pro_precio, pro_stock, cat_id, umed_id) values (93, 'Brandy Apricot', 268.78, 82, 10, 10);
insert into producto (pro_id, pro_nombre, pro_precio, pro_stock, cat_id, umed_id) values (94, 'Relish', 38.04, 738, 4, 1);
insert into producto (pro_id, pro_nombre, pro_precio, pro_stock, cat_id, umed_id) values (95, 'Scallops 60/80 Iqf', 27.15, 381, 1, 2);
insert into producto (pro_id, pro_nombre, pro_precio, pro_stock, cat_id, umed_id) values (96, 'Rum - Cream, Amarula', 257.46, 823, 3, 2);
insert into producto (pro_id, pro_nombre, pro_precio, pro_stock, cat_id, umed_id) values (97, 'Quail Eggs - Canned', 215.56, 854, 8, 10);
insert into producto (pro_id, pro_nombre, pro_precio, pro_stock, cat_id, umed_id) values (98, 'Wine - Masi Valpolocell', 70.74, 600, 5, 6);
insert into producto (pro_id, pro_nombre, pro_precio, pro_stock, cat_id, umed_id) values (99, 'Squid Ink', 113.82, 109, 10, 10);
insert into producto (pro_id, pro_nombre, pro_precio, pro_stock, cat_id, umed_id) values (100, 'Wine - Piper Heidsieck Brut', 99.91, 682, 8, 8);

insert into persona_natural (pe_nat_id, pe_nat_nombres, pe_nat_apellidos, pe_nat_dni, pe_nat_direccion, pe_nat_email) values (1, 'Dorothy', 'Stener', '2778163670', '27645 Hanover Road', 'dstener0@mayoclinic.com');
insert into persona_natural (pe_nat_id, pe_nat_nombres, pe_nat_apellidos, pe_nat_dni, pe_nat_direccion, pe_nat_email) values (2, 'Ax', 'Gosenell', '9304532574', '14 Loomis Road', 'agosenell1@businessinsider.com');
insert into persona_natural (pe_nat_id, pe_nat_nombres, pe_nat_apellidos, pe_nat_dni, pe_nat_direccion, pe_nat_email) values (3, 'Nicolas', 'Brereton', '3032605393', '87907 Monica Terrace', 'nbrereton2@blogspot.com');
insert into persona_natural (pe_nat_id, pe_nat_nombres, pe_nat_apellidos, pe_nat_dni, pe_nat_direccion, pe_nat_email) values (4, 'Kathe', 'Ellingsworth', '6116636942', '690 Donald Road', 'kellingsworth3@blogs.com');
insert into persona_natural (pe_nat_id, pe_nat_nombres, pe_nat_apellidos, pe_nat_dni, pe_nat_direccion, pe_nat_email) values (5, 'Erek', 'Folling', '7669462833', '45664 Duke Drive', 'efolling4@ycombinator.com');
insert into persona_natural (pe_nat_id, pe_nat_nombres, pe_nat_apellidos, pe_nat_dni, pe_nat_direccion, pe_nat_email) values (6, 'Bertie', 'Adelsberg', '0747769826', '58 Dryden Alley', 'badelsberg5@goo.ne.jp');
insert into persona_natural (pe_nat_id, pe_nat_nombres, pe_nat_apellidos, pe_nat_dni, pe_nat_direccion, pe_nat_email) values (7, 'Rickert', 'Curphey', '4493816007', '7703 Ronald Regan Lane', 'rcurphey6@blinklist.com');
insert into persona_natural (pe_nat_id, pe_nat_nombres, pe_nat_apellidos, pe_nat_dni, pe_nat_direccion, pe_nat_email) values (8, 'Inglebert', 'Ors', '5948541843', '75147 Tennessee Pass', 'iors7@dailymail.co.uk');
insert into persona_natural (pe_nat_id, pe_nat_nombres, pe_nat_apellidos, pe_nat_dni, pe_nat_direccion, pe_nat_email) values (9, 'Davis', 'Coath', '7094949278', '21 Fisk Drive', 'dcoath8@china.com.cn');
insert into persona_natural (pe_nat_id, pe_nat_nombres, pe_nat_apellidos, pe_nat_dni, pe_nat_direccion, pe_nat_email) values (10, 'Eadith', 'Paolini', '7105028602', '72304 Heffernan Trail', 'epaolini9@washington.edu');
insert into persona_natural (pe_nat_id, pe_nat_nombres, pe_nat_apellidos, pe_nat_dni, pe_nat_direccion, pe_nat_email) values (11, 'Dede', 'McMennum', '5801174567', '9 Mayer Junction', 'dmcmennuma@virginia.edu');
insert into persona_natural (pe_nat_id, pe_nat_nombres, pe_nat_apellidos, pe_nat_dni, pe_nat_direccion, pe_nat_email) values (12, 'Archambault', 'Draijer', '4287832752', '3531 Bunker Hill Place', 'adraijerb@forbes.com');
insert into persona_natural (pe_nat_id, pe_nat_nombres, pe_nat_apellidos, pe_nat_dni, pe_nat_direccion, pe_nat_email) values (13, 'Imogene', 'Tonn', '9998630606', '086 Coleman Trail', 'itonnc@taobao.com');
insert into persona_natural (pe_nat_id, pe_nat_nombres, pe_nat_apellidos, pe_nat_dni, pe_nat_direccion, pe_nat_email) values (14, 'Dredi', 'Brassington', '3502572380', '91412 Blackbird Trail', 'dbrassingtond@privacy.gov.au');
insert into persona_natural (pe_nat_id, pe_nat_nombres, pe_nat_apellidos, pe_nat_dni, pe_nat_direccion, pe_nat_email) values (15, 'Jacqueline', 'Blazey', '3139696493', '8 Mifflin Court', 'jblazeye@uiuc.edu');
insert into persona_natural (pe_nat_id, pe_nat_nombres, pe_nat_apellidos, pe_nat_dni, pe_nat_direccion, pe_nat_email) values (16, 'Barry', 'Kubera', '0905432673', '92256 Talmadge Pass', 'bkuberaf@ibm.com');
insert into persona_natural (pe_nat_id, pe_nat_nombres, pe_nat_apellidos, pe_nat_dni, pe_nat_direccion, pe_nat_email) values (17, 'Jackquelin', 'Blazej', '0081153503', '61 Debra Street', 'jblazejg@printfriendly.com');
insert into persona_natural (pe_nat_id, pe_nat_nombres, pe_nat_apellidos, pe_nat_dni, pe_nat_direccion, pe_nat_email) values (18, 'Fleur', 'Dougan', '0867300159', '93172 Waubesa Center', 'fdouganh@google.com.br');
insert into persona_natural (pe_nat_id, pe_nat_nombres, pe_nat_apellidos, pe_nat_dni, pe_nat_direccion, pe_nat_email) values (19, 'Abelard', 'Peagrim', '1338568698', '04 Blackbird Street', 'apeagrimi@mozilla.com');
insert into persona_natural (pe_nat_id, pe_nat_nombres, pe_nat_apellidos, pe_nat_dni, pe_nat_direccion, pe_nat_email) values (20, 'Lars', 'Kubelka', '9687406542', '5 Cottonwood Place', 'lkubelkaj@cafepress.com');
insert into persona_natural (pe_nat_id, pe_nat_nombres, pe_nat_apellidos, pe_nat_dni, pe_nat_direccion, pe_nat_email) values (21, 'Elias', 'Worsfield', '0542803399', '8 Springs Terrace', 'eworsfieldk@amazon.co.jp');
insert into persona_natural (pe_nat_id, pe_nat_nombres, pe_nat_apellidos, pe_nat_dni, pe_nat_direccion, pe_nat_email) values (22, 'Rana', 'Grigorushkin', '9592736774', '919 Little Fleur Junction', 'rgrigorushkinl@hibu.com');
insert into persona_natural (pe_nat_id, pe_nat_nombres, pe_nat_apellidos, pe_nat_dni, pe_nat_direccion, pe_nat_email) values (23, 'Stephanie', 'Gabbatiss', '1562389513', '90624 Clove Lane', 'sgabbatissm@liveinternet.ru');
insert into persona_natural (pe_nat_id, pe_nat_nombres, pe_nat_apellidos, pe_nat_dni, pe_nat_direccion, pe_nat_email) values (24, 'Almeria', 'Ankrett', '9690896415', '183 Southridge Plaza', 'aankrettn@mapy.cz');
insert into persona_natural (pe_nat_id, pe_nat_nombres, pe_nat_apellidos, pe_nat_dni, pe_nat_direccion, pe_nat_email) values (25, 'Randie', 'Cawse', '6598324424', '68 Prairieview Parkway', 'rcawseo@narod.ru');
insert into persona_natural (pe_nat_id, pe_nat_nombres, pe_nat_apellidos, pe_nat_dni, pe_nat_direccion, pe_nat_email) values (26, 'Marinna', 'Duker', '4042854222', '469 Eastwood Trail', 'mdukerp@arizona.edu');
insert into persona_natural (pe_nat_id, pe_nat_nombres, pe_nat_apellidos, pe_nat_dni, pe_nat_direccion, pe_nat_email) values (27, 'Cristian', 'Daltry', '2966386738', '647 Loftsgordon Crossing', 'cdaltryq@go.com');
insert into persona_natural (pe_nat_id, pe_nat_nombres, pe_nat_apellidos, pe_nat_dni, pe_nat_direccion, pe_nat_email) values (28, 'Sile', 'Van', '5388697312', '97226 Becker Park', 'svanr@sun.com');
insert into persona_natural (pe_nat_id, pe_nat_nombres, pe_nat_apellidos, pe_nat_dni, pe_nat_direccion, pe_nat_email) values (29, 'Lezley', 'Mugglestone', '0071826092', '21640 Amoth Junction', 'lmugglestones@netlog.com');
insert into persona_natural (pe_nat_id, pe_nat_nombres, pe_nat_apellidos, pe_nat_dni, pe_nat_direccion, pe_nat_email) values (30, 'Birgit', 'Menpes', '4107839524', '08923 Summer Ridge Drive', 'bmenpest@symantec.com');
insert into persona_natural (pe_nat_id, pe_nat_nombres, pe_nat_apellidos, pe_nat_dni, pe_nat_direccion, pe_nat_email) values (31, 'Archambault', 'Dendon', '3620195811', '686 Hintze Way', 'adendonu@miibeian.gov.cn');
insert into persona_natural (pe_nat_id, pe_nat_nombres, pe_nat_apellidos, pe_nat_dni, pe_nat_direccion, pe_nat_email) values (32, 'Morena', 'Pembery', '4786608327', '19 Vidon Crossing', 'mpemberyv@taobao.com');
insert into persona_natural (pe_nat_id, pe_nat_nombres, pe_nat_apellidos, pe_nat_dni, pe_nat_direccion, pe_nat_email) values (33, 'Shayne', 'Gartan', '5653567221', '43 Debs Crossing', 'sgartanw@ucoz.ru');
insert into persona_natural (pe_nat_id, pe_nat_nombres, pe_nat_apellidos, pe_nat_dni, pe_nat_direccion, pe_nat_email) values (34, 'Isidor', 'Ivasechko', '0345820991', '67979 Mcguire Alley', 'iivasechkox@nsw.gov.au');
insert into persona_natural (pe_nat_id, pe_nat_nombres, pe_nat_apellidos, pe_nat_dni, pe_nat_direccion, pe_nat_email) values (35, 'Sherlock', 'Stronough', '2803729024', '185 Algoma Way', 'sstronoughy@chicagotribune.com');
insert into persona_natural (pe_nat_id, pe_nat_nombres, pe_nat_apellidos, pe_nat_dni, pe_nat_direccion, pe_nat_email) values (36, 'Joycelin', 'Crummay', '9022866068', '91748 Mcguire Crossing', 'jcrummayz@quantcast.com');
insert into persona_natural (pe_nat_id, pe_nat_nombres, pe_nat_apellidos, pe_nat_dni, pe_nat_direccion, pe_nat_email) values (37, 'Wren', 'Attle', '6097854455', '30 Lillian Street', 'wattle10@boston.com');
insert into persona_natural (pe_nat_id, pe_nat_nombres, pe_nat_apellidos, pe_nat_dni, pe_nat_direccion, pe_nat_email) values (38, 'Hasheem', 'Cheasman', '2708411837', '06073 Manley Plaza', 'hcheasman11@slate.com');
insert into persona_natural (pe_nat_id, pe_nat_nombres, pe_nat_apellidos, pe_nat_dni, pe_nat_direccion, pe_nat_email) values (39, 'Livvy', 'Christensen', '9297208436', '5 Transport Hill', 'lchristensen12@163.com');
insert into persona_natural (pe_nat_id, pe_nat_nombres, pe_nat_apellidos, pe_nat_dni, pe_nat_direccion, pe_nat_email) values (40, 'Casandra', 'Kindle', '7588583207', '41 Scofield Avenue', 'ckindle13@hp.com');
insert into persona_natural (pe_nat_id, pe_nat_nombres, pe_nat_apellidos, pe_nat_dni, pe_nat_direccion, pe_nat_email) values (41, 'Rudy', 'Haselden', '4647788865', '65 Cherokee Parkway', 'rhaselden14@quantcast.com');
insert into persona_natural (pe_nat_id, pe_nat_nombres, pe_nat_apellidos, pe_nat_dni, pe_nat_direccion, pe_nat_email) values (42, 'Rex', 'Pockey', '3890016723', '5426 Randy Place', 'rpockey15@rediff.com');
insert into persona_natural (pe_nat_id, pe_nat_nombres, pe_nat_apellidos, pe_nat_dni, pe_nat_direccion, pe_nat_email) values (43, 'Jamesy', 'Grigs', '0072238798', '29 Mariners Cove Road', 'jgrigs16@wp.com');
insert into persona_natural (pe_nat_id, pe_nat_nombres, pe_nat_apellidos, pe_nat_dni, pe_nat_direccion, pe_nat_email) values (44, 'Ortensia', 'Strickler', '7612617293', '42128 Sugar Junction', 'ostrickler17@acquirethisname.com');
insert into persona_natural (pe_nat_id, pe_nat_nombres, pe_nat_apellidos, pe_nat_dni, pe_nat_direccion, pe_nat_email) values (45, 'Lorry', 'Ingleston', '8108035252', '0513 Charing Cross Avenue', 'lingleston18@samsung.com');
insert into persona_natural (pe_nat_id, pe_nat_nombres, pe_nat_apellidos, pe_nat_dni, pe_nat_direccion, pe_nat_email) values (46, 'Vinita', 'Lynagh', '8862921098', '9269 Mandrake Place', 'vlynagh19@wsj.com');
insert into persona_natural (pe_nat_id, pe_nat_nombres, pe_nat_apellidos, pe_nat_dni, pe_nat_direccion, pe_nat_email) values (47, 'Jessica', 'MacIlraith', '3696002763', '23931 New Castle Place', 'jmacilraith1a@google.nl');
insert into persona_natural (pe_nat_id, pe_nat_nombres, pe_nat_apellidos, pe_nat_dni, pe_nat_direccion, pe_nat_email) values (48, 'Katusha', 'Boggis', '5906871748', '7 Pankratz Circle', 'kboggis1b@hexun.com');
insert into persona_natural (pe_nat_id, pe_nat_nombres, pe_nat_apellidos, pe_nat_dni, pe_nat_direccion, pe_nat_email) values (49, 'Goldina', 'Fosbraey', '9957892916', '949 Maryland Place', 'gfosbraey1c@ox.ac.uk');
insert into persona_natural (pe_nat_id, pe_nat_nombres, pe_nat_apellidos, pe_nat_dni, pe_nat_direccion, pe_nat_email) values (50, 'Simon', 'Savine', '2264527412', '17 Mayer Pass', 'ssavine1d@theatlantic.com');
insert into persona_natural (pe_nat_id, pe_nat_nombres, pe_nat_apellidos, pe_nat_dni, pe_nat_direccion, pe_nat_email) values (51, 'Zane', 'Rolstone', '7093770789', '12997 Milwaukee Point', 'zrolstone1e@dropbox.com');
insert into persona_natural (pe_nat_id, pe_nat_nombres, pe_nat_apellidos, pe_nat_dni, pe_nat_direccion, pe_nat_email) values (52, 'Desiri', 'Gasken', '9910391031', '0868 Sachs Crossing', 'dgasken1f@ycombinator.com');
insert into persona_natural (pe_nat_id, pe_nat_nombres, pe_nat_apellidos, pe_nat_dni, pe_nat_direccion, pe_nat_email) values (53, 'Kienan', 'Schneidar', '0533620678', '241 Ronald Regan Avenue', 'kschneidar1g@addthis.com');
insert into persona_natural (pe_nat_id, pe_nat_nombres, pe_nat_apellidos, pe_nat_dni, pe_nat_direccion, pe_nat_email) values (54, 'Tibold', 'Whitty', '3207411525', '4 Cordelia Street', 'twhitty1h@prnewswire.com');
insert into persona_natural (pe_nat_id, pe_nat_nombres, pe_nat_apellidos, pe_nat_dni, pe_nat_direccion, pe_nat_email) values (55, 'Winna', 'Comrie', '7958270496', '7633 Arizona Trail', 'wcomrie1i@slashdot.org');
insert into persona_natural (pe_nat_id, pe_nat_nombres, pe_nat_apellidos, pe_nat_dni, pe_nat_direccion, pe_nat_email) values (56, 'Emery', 'Culkin', '4753389820', '6878 Mcguire Alley', 'eculkin1j@yellowpages.com');
insert into persona_natural (pe_nat_id, pe_nat_nombres, pe_nat_apellidos, pe_nat_dni, pe_nat_direccion, pe_nat_email) values (57, 'Udale', 'Extal', '6027428597', '527 Hanover Drive', 'uextal1k@cbslocal.com');
insert into persona_natural (pe_nat_id, pe_nat_nombres, pe_nat_apellidos, pe_nat_dni, pe_nat_direccion, pe_nat_email) values (58, 'Cinnamon', 'Madeley', '1943589887', '3 Dakota Parkway', 'cmadeley1l@flickr.com');
insert into persona_natural (pe_nat_id, pe_nat_nombres, pe_nat_apellidos, pe_nat_dni, pe_nat_direccion, pe_nat_email) values (59, 'Fernando', 'Demougeot', '7421430865', '7822 Beilfuss Avenue', 'fdemougeot1m@last.fm');
insert into persona_natural (pe_nat_id, pe_nat_nombres, pe_nat_apellidos, pe_nat_dni, pe_nat_direccion, pe_nat_email) values (60, 'Alexandr', 'Spurdon', '4060555061', '7 Washington Point', 'aspurdon1n@friendfeed.com');
insert into persona_natural (pe_nat_id, pe_nat_nombres, pe_nat_apellidos, pe_nat_dni, pe_nat_direccion, pe_nat_email) values (61, 'Lynett', 'Dufton', '6340065368', '77032 Luster Street', 'ldufton1o@gizmodo.com');
insert into persona_natural (pe_nat_id, pe_nat_nombres, pe_nat_apellidos, pe_nat_dni, pe_nat_direccion, pe_nat_email) values (62, 'Maurizia', 'Barta', '0981448283', '16204 Messerschmidt Hill', 'mbarta1p@go.com');
insert into persona_natural (pe_nat_id, pe_nat_nombres, pe_nat_apellidos, pe_nat_dni, pe_nat_direccion, pe_nat_email) values (63, 'Maud', 'Whitebrook', '0663755905', '57 Upham Alley', 'mwhitebrook1q@myspace.com');
insert into persona_natural (pe_nat_id, pe_nat_nombres, pe_nat_apellidos, pe_nat_dni, pe_nat_direccion, pe_nat_email) values (64, 'Lyle', 'Windrass', '7273836990', '7410 Muir Court', 'lwindrass1r@google.de');
insert into persona_natural (pe_nat_id, pe_nat_nombres, pe_nat_apellidos, pe_nat_dni, pe_nat_direccion, pe_nat_email) values (65, 'Minna', 'Ghio', '2868068723', '3816 Merrick Park', 'mghio1s@flavors.me');
insert into persona_natural (pe_nat_id, pe_nat_nombres, pe_nat_apellidos, pe_nat_dni, pe_nat_direccion, pe_nat_email) values (66, 'Desi', 'Panas', '1954270879', '5990 Myrtle Drive', 'dpanas1t@webs.com');
insert into persona_natural (pe_nat_id, pe_nat_nombres, pe_nat_apellidos, pe_nat_dni, pe_nat_direccion, pe_nat_email) values (67, 'Prissie', 'Cattermull', '3943928985', '1 Valley Edge Drive', 'pcattermull1u@who.int');
insert into persona_natural (pe_nat_id, pe_nat_nombres, pe_nat_apellidos, pe_nat_dni, pe_nat_direccion, pe_nat_email) values (68, 'Conny', 'Gandy', '7953885352', '04708 Sunbrook Alley', 'cgandy1v@omniture.com');
insert into persona_natural (pe_nat_id, pe_nat_nombres, pe_nat_apellidos, pe_nat_dni, pe_nat_direccion, pe_nat_email) values (69, 'Ellen', 'Kringe', '2371944459', '34264 Starling Place', 'ekringe1w@upenn.edu');
insert into persona_natural (pe_nat_id, pe_nat_nombres, pe_nat_apellidos, pe_nat_dni, pe_nat_direccion, pe_nat_email) values (70, 'Richy', 'Mackrell', '5702177002', '2460 Delaware Plaza', 'rmackrell1x@ycombinator.com');
insert into persona_natural (pe_nat_id, pe_nat_nombres, pe_nat_apellidos, pe_nat_dni, pe_nat_direccion, pe_nat_email) values (71, 'Horacio', 'Bussen', '6444591678', '1994 Pankratz Street', 'hbussen1y@opera.com');
insert into persona_natural (pe_nat_id, pe_nat_nombres, pe_nat_apellidos, pe_nat_dni, pe_nat_direccion, pe_nat_email) values (72, 'Darbie', 'Hayball', '4180119994', '70 Golf Terrace', 'dhayball1z@hubpages.com');
insert into persona_natural (pe_nat_id, pe_nat_nombres, pe_nat_apellidos, pe_nat_dni, pe_nat_direccion, pe_nat_email) values (73, 'Vance', 'Ilden', '1184116806', '9083 Warbler Crossing', 'vilden20@moonfruit.com');
insert into persona_natural (pe_nat_id, pe_nat_nombres, pe_nat_apellidos, pe_nat_dni, pe_nat_direccion, pe_nat_email) values (74, 'Willie', 'Cundy', '1383100160', '57 Maryland Crossing', 'wcundy21@dot.gov');
insert into persona_natural (pe_nat_id, pe_nat_nombres, pe_nat_apellidos, pe_nat_dni, pe_nat_direccion, pe_nat_email) values (75, 'Jemima', 'Bansal', '2185660160', '71 Sundown Parkway', 'jbansal22@gnu.org');
insert into persona_natural (pe_nat_id, pe_nat_nombres, pe_nat_apellidos, pe_nat_dni, pe_nat_direccion, pe_nat_email) values (76, 'Drona', 'Prozescky', '7715566004', '03632 Starling Street', 'dprozescky23@google.cn');
insert into persona_natural (pe_nat_id, pe_nat_nombres, pe_nat_apellidos, pe_nat_dni, pe_nat_direccion, pe_nat_email) values (77, 'Dominga', 'Wigin', '1783994207', '67978 Leroy Street', 'dwigin24@phoca.cz');
insert into persona_natural (pe_nat_id, pe_nat_nombres, pe_nat_apellidos, pe_nat_dni, pe_nat_direccion, pe_nat_email) values (78, 'Walther', 'Dunleavy', '0620314273', '701 Shopko Court', 'wdunleavy25@geocities.jp');
insert into persona_natural (pe_nat_id, pe_nat_nombres, pe_nat_apellidos, pe_nat_dni, pe_nat_direccion, pe_nat_email) values (79, 'Yolanda', 'Townley', '1680938665', '6536 Meadow Valley Circle', 'ytownley26@house.gov');
insert into persona_natural (pe_nat_id, pe_nat_nombres, pe_nat_apellidos, pe_nat_dni, pe_nat_direccion, pe_nat_email) values (80, 'Caterina', 'Karpman', '5229521147', '748 Milwaukee Park', 'ckarpman27@dell.com');
insert into persona_natural (pe_nat_id, pe_nat_nombres, pe_nat_apellidos, pe_nat_dni, pe_nat_direccion, pe_nat_email) values (81, 'Berta', 'Giddons', '2206913429', '0756 Hagan Alley', 'bgiddons28@webnode.com');
insert into persona_natural (pe_nat_id, pe_nat_nombres, pe_nat_apellidos, pe_nat_dni, pe_nat_direccion, pe_nat_email) values (82, 'Rich', 'Borres', '3015071769', '71 Maryland Junction', 'rborres29@springer.com');
insert into persona_natural (pe_nat_id, pe_nat_nombres, pe_nat_apellidos, pe_nat_dni, pe_nat_direccion, pe_nat_email) values (83, 'Priscilla', 'Challener', '2002519552', '4983 Moland Crossing', 'pchallener2a@mtv.com');
insert into persona_natural (pe_nat_id, pe_nat_nombres, pe_nat_apellidos, pe_nat_dni, pe_nat_direccion, pe_nat_email) values (84, 'Netta', 'Moutray Read', '4233851813', '204 Prentice Park', 'nmoutrayread2b@geocities.com');
insert into persona_natural (pe_nat_id, pe_nat_nombres, pe_nat_apellidos, pe_nat_dni, pe_nat_direccion, pe_nat_email) values (85, 'Annabella', 'Hincks', '8130012162', '67 Memorial Center', 'ahincks2c@usgs.gov');
insert into persona_natural (pe_nat_id, pe_nat_nombres, pe_nat_apellidos, pe_nat_dni, pe_nat_direccion, pe_nat_email) values (86, 'Edita', 'Bapty', '9003082952', '5 Marcy Place', 'ebapty2d@china.com.cn');
insert into persona_natural (pe_nat_id, pe_nat_nombres, pe_nat_apellidos, pe_nat_dni, pe_nat_direccion, pe_nat_email) values (87, 'Jorgan', 'Milton', '6899938642', '94 Lakewood Alley', 'jmilton2e@buzzfeed.com');
insert into persona_natural (pe_nat_id, pe_nat_nombres, pe_nat_apellidos, pe_nat_dni, pe_nat_direccion, pe_nat_email) values (88, 'Larry', 'McLaine', '8551326651', '98971 Northport Drive', 'lmclaine2f@sciencedirect.com');
insert into persona_natural (pe_nat_id, pe_nat_nombres, pe_nat_apellidos, pe_nat_dni, pe_nat_direccion, pe_nat_email) values (89, 'Gan', 'Dobbinson', '3068061733', '1 Grim Hill', 'gdobbinson2g@oracle.com');
insert into persona_natural (pe_nat_id, pe_nat_nombres, pe_nat_apellidos, pe_nat_dni, pe_nat_direccion, pe_nat_email) values (90, 'Dayle', 'Lewer', '4930543290', '3940 Debra Park', 'dlewer2h@bigcartel.com');
insert into persona_natural (pe_nat_id, pe_nat_nombres, pe_nat_apellidos, pe_nat_dni, pe_nat_direccion, pe_nat_email) values (91, 'Humfried', 'Summerlee', '2394891718', '3072 Onsgard Crossing', 'hsummerlee2i@eepurl.com');
insert into persona_natural (pe_nat_id, pe_nat_nombres, pe_nat_apellidos, pe_nat_dni, pe_nat_direccion, pe_nat_email) values (92, 'Elena', 'Colvine', '1228112665', '562 Surrey Circle', 'ecolvine2j@about.com');
insert into persona_natural (pe_nat_id, pe_nat_nombres, pe_nat_apellidos, pe_nat_dni, pe_nat_direccion, pe_nat_email) values (93, 'Ichabod', 'Custard', '5508265619', '5836 Macpherson Avenue', 'icustard2k@goodreads.com');
insert into persona_natural (pe_nat_id, pe_nat_nombres, pe_nat_apellidos, pe_nat_dni, pe_nat_direccion, pe_nat_email) values (94, 'Addy', 'Sussams', '9596271393', '904 Morningstar Center', 'asussams2l@dell.com');
insert into persona_natural (pe_nat_id, pe_nat_nombres, pe_nat_apellidos, pe_nat_dni, pe_nat_direccion, pe_nat_email) values (95, 'Barry', 'Mazzia', '4778496485', '09012 Petterle Parkway', 'bmazzia2m@go.com');
insert into persona_natural (pe_nat_id, pe_nat_nombres, pe_nat_apellidos, pe_nat_dni, pe_nat_direccion, pe_nat_email) values (96, 'Wilden', 'Panswick', '8565975916', '79923 Novick Junction', 'wpanswick2n@networksolutions.com');
insert into persona_natural (pe_nat_id, pe_nat_nombres, pe_nat_apellidos, pe_nat_dni, pe_nat_direccion, pe_nat_email) values (97, 'Caz', 'Rolstone', '8280944281', '6990 Vernon Way', 'crolstone2o@ovh.net');
insert into persona_natural (pe_nat_id, pe_nat_nombres, pe_nat_apellidos, pe_nat_dni, pe_nat_direccion, pe_nat_email) values (98, 'Karlens', 'Louisot', '4542601064', '93 Kipling Hill', 'klouisot2p@nsw.gov.au');
insert into persona_natural (pe_nat_id, pe_nat_nombres, pe_nat_apellidos, pe_nat_dni, pe_nat_direccion, pe_nat_email) values (99, 'Lin', 'Plumtree', '4803898111', '5 Prairieview Point', 'lplumtree2q@walmart.com');
insert into persona_natural (pe_nat_id, pe_nat_nombres, pe_nat_apellidos, pe_nat_dni, pe_nat_direccion, pe_nat_email) values (100, 'Oralie', 'Seamen', '7190532439', '3 Summit Road', 'oseamen2r@yahoo.com');

insert into persona_juridica (pe_jur_id, pe_jur_razon_social, pe_jur_ruc, pe_jur_direccion, pe_jur_email) values (1, 'Littel, Schuppe and Reynolds', '4842528664', '15163 Cambridge Lane', 'eveness0@china.com.cn');
insert into persona_juridica (pe_jur_id, pe_jur_razon_social, pe_jur_ruc, pe_jur_direccion, pe_jur_email) values (2, 'Walsh Group', '8715262065', '9 Corben Junction', 'twimlet1@wordpress.com');
insert into persona_juridica (pe_jur_id, pe_jur_razon_social, pe_jur_ruc, pe_jur_direccion, pe_jur_email) values (3, 'Huels and Sons', '8530963792', '00 Scofield Street', 'lsprionghall2@google.pl');
insert into persona_juridica (pe_jur_id, pe_jur_razon_social, pe_jur_ruc, pe_jur_direccion, pe_jur_email) values (4, 'Bruen Inc', '7042137299', '7 Vermont Drive', 'ebosdet3@japanpost.jp');
insert into persona_juridica (pe_jur_id, pe_jur_razon_social, pe_jur_ruc, pe_jur_direccion, pe_jur_email) values (5, 'Turner, Bradtke and Deckow', '2765550522', '18 Warrior Pass', 'pbarroux4@reddit.com');
insert into persona_juridica (pe_jur_id, pe_jur_razon_social, pe_jur_ruc, pe_jur_direccion, pe_jur_email) values (6, 'Stehr-Schulist', '9836314954', '62079 American Ash Pass', 'cmckain5@smugmug.com');
insert into persona_juridica (pe_jur_id, pe_jur_razon_social, pe_jur_ruc, pe_jur_direccion, pe_jur_email) values (7, 'Bauch-Johnson', '0107251418', '9334 Messerschmidt Plaza', 'sbertrand6@chronoengine.com');
insert into persona_juridica (pe_jur_id, pe_jur_razon_social, pe_jur_ruc, pe_jur_direccion, pe_jur_email) values (8, 'Wunsch-Murazik', '0803160062', '5583 Glendale Lane', 'gflanders7@disqus.com');
insert into persona_juridica (pe_jur_id, pe_jur_razon_social, pe_jur_ruc, pe_jur_direccion, pe_jur_email) values (9, 'Lemke Inc', '8657506203', '8 Stone Corner Way', 'dinglis8@samsung.com');
insert into persona_juridica (pe_jur_id, pe_jur_razon_social, pe_jur_ruc, pe_jur_direccion, pe_jur_email) values (10, 'Prosacco and Sons', '7764659096', '4612 Moulton Way', 'sfigures9@irs.gov');
insert into persona_juridica (pe_jur_id, pe_jur_razon_social, pe_jur_ruc, pe_jur_direccion, pe_jur_email) values (11, 'Ferry-Spinka', '6467603117', '6082 Johnson Plaza', 'bworrilla@google.com.hk');
insert into persona_juridica (pe_jur_id, pe_jur_razon_social, pe_jur_ruc, pe_jur_direccion, pe_jur_email) values (12, 'Weimann-Rodriguez', '8078305516', '8 Dawn Pass', 'lempsonb@gmpg.org');
insert into persona_juridica (pe_jur_id, pe_jur_razon_social, pe_jur_ruc, pe_jur_direccion, pe_jur_email) values (13, 'Barrows-Hauck', '1965632378', '54 Johnson Parkway', 'bputsonc@t-online.de');
insert into persona_juridica (pe_jur_id, pe_jur_razon_social, pe_jur_ruc, pe_jur_direccion, pe_jur_email) values (14, 'Paucek, Jacobs and Moen', '6892709001', '1 Crownhardt Plaza', 'jtrytsmand@slashdot.org');
insert into persona_juridica (pe_jur_id, pe_jur_razon_social, pe_jur_ruc, pe_jur_direccion, pe_jur_email) values (15, 'Quigley-McClure', '9124809896', '33843 Eastlawn Trail', 'cgutchere@parallels.com');
insert into persona_juridica (pe_jur_id, pe_jur_razon_social, pe_jur_ruc, pe_jur_direccion, pe_jur_email) values (16, 'Grimes-Kling', '9916581967', '33 Grim Trail', 'tbarnsdalef@zimbio.com');
insert into persona_juridica (pe_jur_id, pe_jur_razon_social, pe_jur_ruc, pe_jur_direccion, pe_jur_email) values (17, 'Wiegand-Lang', '7225614746', '878 Cardinal Street', 'yripperg@booking.com');
insert into persona_juridica (pe_jur_id, pe_jur_razon_social, pe_jur_ruc, pe_jur_direccion, pe_jur_email) values (18, 'Farrell-Leuschke', '3700009895', '6796 Crownhardt Drive', 'llaxsonh@indiatimes.com');
insert into persona_juridica (pe_jur_id, pe_jur_razon_social, pe_jur_ruc, pe_jur_direccion, pe_jur_email) values (19, 'Baumbach Inc', '8256037792', '73 Boyd Road', 'soshevlini@google.ca');
insert into persona_juridica (pe_jur_id, pe_jur_razon_social, pe_jur_ruc, pe_jur_direccion, pe_jur_email) values (20, 'Cummerata, Hickle and Leannon', '8801307802', '0114 Gerald Road', 'cshielsj@imgur.com');
insert into persona_juridica (pe_jur_id, pe_jur_razon_social, pe_jur_ruc, pe_jur_direccion, pe_jur_email) values (21, 'Waters and Sons', '8235920905', '870 Lien Avenue', 'jkennifickk@woothemes.com');
insert into persona_juridica (pe_jur_id, pe_jur_razon_social, pe_jur_ruc, pe_jur_direccion, pe_jur_email) values (22, 'Ebert LLC', '2159676136', '46097 Hooker Center', 'cthoresbyl@cdbaby.com');
insert into persona_juridica (pe_jur_id, pe_jur_razon_social, pe_jur_ruc, pe_jur_direccion, pe_jur_email) values (23, 'Runolfsson, Brekke and Hirthe', '8059268414', '14 4th Road', 'bcostinm@blogger.com');
insert into persona_juridica (pe_jur_id, pe_jur_razon_social, pe_jur_ruc, pe_jur_direccion, pe_jur_email) values (24, 'Kovacek Group', '4561922679', '4835 Drewry Avenue', 'skirtleyn@amazon.co.jp');
insert into persona_juridica (pe_jur_id, pe_jur_razon_social, pe_jur_ruc, pe_jur_direccion, pe_jur_email) values (25, 'Witting Group', '5328231473', '4 Roxbury Road', 'mwindrosso@upenn.edu');
insert into persona_juridica (pe_jur_id, pe_jur_razon_social, pe_jur_ruc, pe_jur_direccion, pe_jur_email) values (26, 'Haley-Graham', '9531066043', '1 Veith Road', 'lmahodyp@artisteer.com');
insert into persona_juridica (pe_jur_id, pe_jur_razon_social, pe_jur_ruc, pe_jur_direccion, pe_jur_email) values (27, 'Purdy, Thiel and Altenwerth', '4995744967', '1559 Glacier Hill Drive', 'yandrusovq@reverbnation.com');
insert into persona_juridica (pe_jur_id, pe_jur_razon_social, pe_jur_ruc, pe_jur_direccion, pe_jur_email) values (28, 'Jacobi, Leannon and McCullough', '6485460640', '594 Sycamore Lane', 'belcoxr@fotki.com');
insert into persona_juridica (pe_jur_id, pe_jur_razon_social, pe_jur_ruc, pe_jur_direccion, pe_jur_email) values (29, 'Tillman-Crooks', '2323116665', '5415 Hollow Ridge Hill', 'jcalvers@phoca.cz');
insert into persona_juridica (pe_jur_id, pe_jur_razon_social, pe_jur_ruc, pe_jur_direccion, pe_jur_email) values (30, 'Stiedemann, Veum and Ledner', '5218970700', '32 Holy Cross Junction', 'aevat@elegantthemes.com');
insert into persona_juridica (pe_jur_id, pe_jur_razon_social, pe_jur_ruc, pe_jur_direccion, pe_jur_email) values (31, 'Brown-Fahey', '0639372171', '0312 Kenwood Avenue', 'conionsu@nih.gov');
insert into persona_juridica (pe_jur_id, pe_jur_razon_social, pe_jur_ruc, pe_jur_direccion, pe_jur_email) values (32, 'Brakus LLC', '6655981824', '96858 Dennis Place', 'mlymerv@dion.ne.jp');
insert into persona_juridica (pe_jur_id, pe_jur_razon_social, pe_jur_ruc, pe_jur_direccion, pe_jur_email) values (33, 'Kiehn, Paucek and Bednar', '8186668608', '648 Arkansas Junction', 'ibirdseyw@uiuc.edu');
insert into persona_juridica (pe_jur_id, pe_jur_razon_social, pe_jur_ruc, pe_jur_direccion, pe_jur_email) values (34, 'Kautzer Group', '9094168510', '1457 Westridge Parkway', 'binggallx@tripadvisor.com');
insert into persona_juridica (pe_jur_id, pe_jur_razon_social, pe_jur_ruc, pe_jur_direccion, pe_jur_email) values (35, 'Ratke, Gutkowski and Rippin', '5095119935', '9980 Sutteridge Alley', 'erodmany@discuz.net');
insert into persona_juridica (pe_jur_id, pe_jur_razon_social, pe_jur_ruc, pe_jur_direccion, pe_jur_email) values (36, 'Eichmann-VonRueden', '7356663082', '87642 Lillian Hill', 'fducarelz@cnet.com');
insert into persona_juridica (pe_jur_id, pe_jur_razon_social, pe_jur_ruc, pe_jur_direccion, pe_jur_email) values (37, 'Toy-Conroy', '9737771869', '55 Spenser Plaza', 'sgatecliffe10@newsvine.com');
insert into persona_juridica (pe_jur_id, pe_jur_razon_social, pe_jur_ruc, pe_jur_direccion, pe_jur_email) values (38, 'Schmeler Group', '0363308849', '4 Forster Terrace', 'lroath11@drupal.org');
insert into persona_juridica (pe_jur_id, pe_jur_razon_social, pe_jur_ruc, pe_jur_direccion, pe_jur_email) values (39, 'Hane Inc', '5119153739', '60448 Manufacturers Plaza', 'bcattermoul12@goo.gl');
insert into persona_juridica (pe_jur_id, pe_jur_razon_social, pe_jur_ruc, pe_jur_direccion, pe_jur_email) values (40, 'Casper, Hessel and Gutmann', '2336449307', '77 Gale Court', 'gaughton13@blinklist.com');
insert into persona_juridica (pe_jur_id, pe_jur_razon_social, pe_jur_ruc, pe_jur_direccion, pe_jur_email) values (41, 'Tremblay and Sons', '0359749461', '3405 Oxford Hill', 'gomullan14@aboutads.info');
insert into persona_juridica (pe_jur_id, pe_jur_razon_social, pe_jur_ruc, pe_jur_direccion, pe_jur_email) values (42, 'Lynch and Sons', '1934764833', '168 4th Point', 'nneylan15@miitbeian.gov.cn');
insert into persona_juridica (pe_jur_id, pe_jur_razon_social, pe_jur_ruc, pe_jur_direccion, pe_jur_email) values (43, 'Abshire, Kling and Moen', '2776325487', '04462 Riverside Parkway', 'ksotheron16@gov.uk');
insert into persona_juridica (pe_jur_id, pe_jur_razon_social, pe_jur_ruc, pe_jur_direccion, pe_jur_email) values (44, 'Parker Group', '0566815249', '0 Hauk Trail', 'ahendin17@google.de');
insert into persona_juridica (pe_jur_id, pe_jur_razon_social, pe_jur_ruc, pe_jur_direccion, pe_jur_email) values (45, 'Rice-Legros', '0417841477', '7 Golden Leaf Point', 'rstorah18@hibu.com');
insert into persona_juridica (pe_jur_id, pe_jur_razon_social, pe_jur_ruc, pe_jur_direccion, pe_jur_email) values (46, 'Schulist Inc', '1569648131', '1215 Lukken Circle', 'rtathacott19@shinystat.com');
insert into persona_juridica (pe_jur_id, pe_jur_razon_social, pe_jur_ruc, pe_jur_direccion, pe_jur_email) values (47, 'Zemlak Group', '4968224508', '52 Tennessee Trail', 'qmungan1a@t-online.de');
insert into persona_juridica (pe_jur_id, pe_jur_razon_social, pe_jur_ruc, pe_jur_direccion, pe_jur_email) values (48, 'Koch Inc', '2809052123', '73574 Hoepker Avenue', 'apetrus1b@answers.com');
insert into persona_juridica (pe_jur_id, pe_jur_razon_social, pe_jur_ruc, pe_jur_direccion, pe_jur_email) values (49, 'Powlowski, Erdman and Willms', '8781829507', '972 Welch Parkway', 'atabert1c@merriam-webster.com');
insert into persona_juridica (pe_jur_id, pe_jur_razon_social, pe_jur_ruc, pe_jur_direccion, pe_jur_email) values (50, 'Trantow Inc', '5110843449', '58 Doe Crossing Terrace', 'dmustoo1d@yale.edu');
insert into persona_juridica (pe_jur_id, pe_jur_razon_social, pe_jur_ruc, pe_jur_direccion, pe_jur_email) values (51, 'Johnston-Orn', '5338092042', '4 Troy Crossing', 'ajermin1e@cargocollective.com');
insert into persona_juridica (pe_jur_id, pe_jur_razon_social, pe_jur_ruc, pe_jur_direccion, pe_jur_email) values (52, 'Hessel-Bogisich', '9783548263', '02514 Corry Street', 'lmcilhone1f@blogger.com');
insert into persona_juridica (pe_jur_id, pe_jur_razon_social, pe_jur_ruc, pe_jur_direccion, pe_jur_email) values (53, 'Lehner-Hand', '3921363640', '3611 Lighthouse Bay Drive', 'tbursnell1g@netlog.com');
insert into persona_juridica (pe_jur_id, pe_jur_razon_social, pe_jur_ruc, pe_jur_direccion, pe_jur_email) values (54, 'Wisoky LLC', '9935471527', '2 Delladonna Crossing', 'dbiddell1h@alexa.com');
insert into persona_juridica (pe_jur_id, pe_jur_razon_social, pe_jur_ruc, pe_jur_direccion, pe_jur_email) values (55, 'Ebert-Sanford', '8718825893', '013 Porter Avenue', 'rstuck1i@hp.com');
insert into persona_juridica (pe_jur_id, pe_jur_razon_social, pe_jur_ruc, pe_jur_direccion, pe_jur_email) values (56, 'Cartwright, Ernser and Schultz', '0851847137', '047 Arapahoe Terrace', 'cbier1j@blogger.com');
insert into persona_juridica (pe_jur_id, pe_jur_razon_social, pe_jur_ruc, pe_jur_direccion, pe_jur_email) values (57, 'Kemmer, Harris and Weissnat', '0146186249', '249 Farragut Junction', 'asevers1k@ustream.tv');
insert into persona_juridica (pe_jur_id, pe_jur_razon_social, pe_jur_ruc, pe_jur_direccion, pe_jur_email) values (58, 'Hegmann LLC', '1962552500', '26092 Myrtle Lane', 'jhumm1l@prnewswire.com');
insert into persona_juridica (pe_jur_id, pe_jur_razon_social, pe_jur_ruc, pe_jur_direccion, pe_jur_email) values (59, 'Hand, O''Keefe and Roob', '4429383200', '0 Delladonna Parkway', 'klippiello1m@google.pl');
insert into persona_juridica (pe_jur_id, pe_jur_razon_social, pe_jur_ruc, pe_jur_direccion, pe_jur_email) values (60, 'Mueller and Sons', '2194574239', '37463 Bluestem Drive', 'jartinstall1n@about.com');
insert into persona_juridica (pe_jur_id, pe_jur_razon_social, pe_jur_ruc, pe_jur_direccion, pe_jur_email) values (61, 'Bergnaum-Davis', '2723574113', '01061 Saint Paul Park', 'jkubala1o@google.ru');
insert into persona_juridica (pe_jur_id, pe_jur_razon_social, pe_jur_ruc, pe_jur_direccion, pe_jur_email) values (62, 'Okuneva, Botsford and Fadel', '7511217761', '54666 Union Pass', 'ckeetley1p@omniture.com');
insert into persona_juridica (pe_jur_id, pe_jur_razon_social, pe_jur_ruc, pe_jur_direccion, pe_jur_email) values (63, 'Gusikowski-Johnson', '9167320694', '2691 Sheridan Way', 'bstrainge1q@angelfire.com');
insert into persona_juridica (pe_jur_id, pe_jur_razon_social, pe_jur_ruc, pe_jur_direccion, pe_jur_email) values (64, 'Beatty and Sons', '6958228936', '646 Longview Plaza', 'lunwin1r@patch.com');
insert into persona_juridica (pe_jur_id, pe_jur_razon_social, pe_jur_ruc, pe_jur_direccion, pe_jur_email) values (65, 'Osinski Inc', '1139561510', '6941 Lillian Circle', 'losesnane1s@deviantart.com');
insert into persona_juridica (pe_jur_id, pe_jur_razon_social, pe_jur_ruc, pe_jur_direccion, pe_jur_email) values (66, 'Sanford-Kulas', '4079563965', '917 Hintze Street', 'mcartmill1t@apache.org');
insert into persona_juridica (pe_jur_id, pe_jur_razon_social, pe_jur_ruc, pe_jur_direccion, pe_jur_email) values (67, 'Klein, Crooks and Bechtelar', '3317351373', '36987 Tomscot Crossing', 'rfassum1u@techcrunch.com');
insert into persona_juridica (pe_jur_id, pe_jur_razon_social, pe_jur_ruc, pe_jur_direccion, pe_jur_email) values (68, 'Hudson Inc', '9375008142', '9936 Cascade Road', 'blorence1v@mediafire.com');
insert into persona_juridica (pe_jur_id, pe_jur_razon_social, pe_jur_ruc, pe_jur_direccion, pe_jur_email) values (69, 'Zulauf LLC', '4516444054', '20 Lillian Terrace', 'reard1w@usa.gov');
insert into persona_juridica (pe_jur_id, pe_jur_razon_social, pe_jur_ruc, pe_jur_direccion, pe_jur_email) values (70, 'Goodwin-Dibbert', '7163050291', '297 Prentice Hill', 'qpemberton1x@webs.com');
insert into persona_juridica (pe_jur_id, pe_jur_razon_social, pe_jur_ruc, pe_jur_direccion, pe_jur_email) values (71, 'Jenkins-Ullrich', '2321417005', '7778 Westridge Center', 'iwhear1y@sina.com.cn');
insert into persona_juridica (pe_jur_id, pe_jur_razon_social, pe_jur_ruc, pe_jur_direccion, pe_jur_email) values (72, 'Gusikowski, Flatley and Tromp', '3569049086', '3165 Atwood Plaza', 'rduddell1z@lycos.com');
insert into persona_juridica (pe_jur_id, pe_jur_razon_social, pe_jur_ruc, pe_jur_direccion, pe_jur_email) values (73, 'Roberts-Hirthe', '4219199217', '0 Schurz Street', 'mmatasov20@imgur.com');
insert into persona_juridica (pe_jur_id, pe_jur_razon_social, pe_jur_ruc, pe_jur_direccion, pe_jur_email) values (74, 'Macejkovic-Armstrong', '9754218498', '83 Hauk Terrace', 'cjerwood21@taobao.com');
insert into persona_juridica (pe_jur_id, pe_jur_razon_social, pe_jur_ruc, pe_jur_direccion, pe_jur_email) values (75, 'Corwin, Dach and Green', '7004902927', '437 Granby Court', 'dprine22@washingtonpost.com');
insert into persona_juridica (pe_jur_id, pe_jur_razon_social, pe_jur_ruc, pe_jur_direccion, pe_jur_email) values (76, 'Ebert, Klein and Quitzon', '4080629419', '074 Mayfield Trail', 'alouden23@godaddy.com');
insert into persona_juridica (pe_jur_id, pe_jur_razon_social, pe_jur_ruc, pe_jur_direccion, pe_jur_email) values (77, 'Hammes-Hessel', '9037224717', '7411 Porter Street', 'jangood24@edublogs.org');
insert into persona_juridica (pe_jur_id, pe_jur_razon_social, pe_jur_ruc, pe_jur_direccion, pe_jur_email) values (78, 'Wehner-Kshlerin', '4654615687', '83 Briar Crest Avenue', 'egavahan25@gizmodo.com');
insert into persona_juridica (pe_jur_id, pe_jur_razon_social, pe_jur_ruc, pe_jur_direccion, pe_jur_email) values (79, 'Zieme-Mraz', '8851407703', '1482 Carey Circle', 'pchudleigh26@java.com');
insert into persona_juridica (pe_jur_id, pe_jur_razon_social, pe_jur_ruc, pe_jur_direccion, pe_jur_email) values (80, 'Bartoletti LLC', '4372120389', '56 Southridge Pass', 'kbenninck27@mozilla.com');
insert into persona_juridica (pe_jur_id, pe_jur_razon_social, pe_jur_ruc, pe_jur_direccion, pe_jur_email) values (81, 'Wisozk LLC', '5049553318', '2355 Weeping Birch Trail', 'phusthwaite28@scientificamerican.com');
insert into persona_juridica (pe_jur_id, pe_jur_razon_social, pe_jur_ruc, pe_jur_direccion, pe_jur_email) values (82, 'Haley LLC', '1747392812', '43606 Coleman Court', 'aygou29@timesonline.co.uk');
insert into persona_juridica (pe_jur_id, pe_jur_razon_social, pe_jur_ruc, pe_jur_direccion, pe_jur_email) values (83, 'Stokes-Funk', '9951335136', '1512 Columbus Point', 'tscough2a@ca.gov');
insert into persona_juridica (pe_jur_id, pe_jur_razon_social, pe_jur_ruc, pe_jur_direccion, pe_jur_email) values (84, 'Crooks-Kuhic', '9698591028', '56472 Lakewood Drive', 'tbooton2b@angelfire.com');
insert into persona_juridica (pe_jur_id, pe_jur_razon_social, pe_jur_ruc, pe_jur_direccion, pe_jur_email) values (85, 'Kris, Balistreri and Fay', '6800017337', '59 Scott Lane', 'tmcteggart2c@nature.com');
insert into persona_juridica (pe_jur_id, pe_jur_razon_social, pe_jur_ruc, pe_jur_direccion, pe_jur_email) values (86, 'Nader-Price', '7889134614', '5818 Shoshone Lane', 'rziemens2d@pagesperso-orange.fr');
insert into persona_juridica (pe_jur_id, pe_jur_razon_social, pe_jur_ruc, pe_jur_direccion, pe_jur_email) values (87, 'Cormier-Graham', '1050268229', '39069 Forster Center', 'xcolnett2e@devhub.com');
insert into persona_juridica (pe_jur_id, pe_jur_razon_social, pe_jur_ruc, pe_jur_direccion, pe_jur_email) values (88, 'Cronin and Sons', '6108103876', '12 Anthes Center', 'plocock2f@globo.com');
insert into persona_juridica (pe_jur_id, pe_jur_razon_social, pe_jur_ruc, pe_jur_direccion, pe_jur_email) values (89, 'Pagac-Renner', '1864712597', '40292 Northport Place', 'blerigo2g@berkeley.edu');
insert into persona_juridica (pe_jur_id, pe_jur_razon_social, pe_jur_ruc, pe_jur_direccion, pe_jur_email) values (90, 'Rosenbaum Inc', '8429677712', '9 Lighthouse Bay Drive', 'yovitz2h@prweb.com');
insert into persona_juridica (pe_jur_id, pe_jur_razon_social, pe_jur_ruc, pe_jur_direccion, pe_jur_email) values (91, 'Mueller, Steuber and Skiles', '4927022714', '6950 Eggendart Avenue', 'lhydechambers2i@hc360.com');
insert into persona_juridica (pe_jur_id, pe_jur_razon_social, pe_jur_ruc, pe_jur_direccion, pe_jur_email) values (92, 'Considine-Hyatt', '2406848558', '525 Stoughton Point', 'abroszkiewicz2j@trellian.com');
insert into persona_juridica (pe_jur_id, pe_jur_razon_social, pe_jur_ruc, pe_jur_direccion, pe_jur_email) values (93, 'Rodriguez LLC', '6571001578', '3732 Tennessee Place', 'mvernau2k@domainmarket.com');
insert into persona_juridica (pe_jur_id, pe_jur_razon_social, pe_jur_ruc, pe_jur_direccion, pe_jur_email) values (94, 'Parker LLC', '3205705068', '8849 Algoma Terrace', 'ekintish2l@nih.gov');
insert into persona_juridica (pe_jur_id, pe_jur_razon_social, pe_jur_ruc, pe_jur_direccion, pe_jur_email) values (95, 'Wilkinson-Hessel', '4887273193', '3935 Sherman Place', 'sputman2m@boston.com');
insert into persona_juridica (pe_jur_id, pe_jur_razon_social, pe_jur_ruc, pe_jur_direccion, pe_jur_email) values (96, 'Schinner, Effertz and Bailey', '5056141496', '75 Towne Center', 'ashermar2n@japanpost.jp');
insert into persona_juridica (pe_jur_id, pe_jur_razon_social, pe_jur_ruc, pe_jur_direccion, pe_jur_email) values (97, 'Durgan-Harvey', '2182095829', '4992 Arizona Hill', 'temmison2o@yahoo.co.jp');
insert into persona_juridica (pe_jur_id, pe_jur_razon_social, pe_jur_ruc, pe_jur_direccion, pe_jur_email) values (98, 'Hessel-Okuneva', '3705228951', '689 Rigney Center', 'kgoodricke2p@illinois.edu');
insert into persona_juridica (pe_jur_id, pe_jur_razon_social, pe_jur_ruc, pe_jur_direccion, pe_jur_email) values (99, 'Hickle, Orn and Skiles', '8908531645', '0542 Porter Alley', 'acarrabot2q@sohu.com');
insert into persona_juridica (pe_jur_id, pe_jur_razon_social, pe_jur_ruc, pe_jur_direccion, pe_jur_email) values (100, 'Walsh-Terry', '0941514048', '086 Bashford Plaza', 'skelemen2r@icio.us');

